filename,Rim_incl_sin_mean,rim.out.prot.length,rim.inn.prot.length,trapez.perC,block.perC,form.factor,aspect.ratio,roundness,Rim_HorizCut.Out_WT,Rim_mean.WT,Rim_median.WT,Rim_sd.WT,Rim_min.WT,Rim_max.WT,RimWT_margin,Rim_Diam_extra_half,Rim_extent.1,Rim_curl,Rim_elongation.min,Rim_elongation.max,Rim_elongation.avg,Rim_radius.ratio,Rim_eccentricity,Rim_incl_sin_min,Rim_incl_sin_max,Rim_bottom_width_scaled,Rim_lip_width_scaled,Rim_HorizCut.Out_Width,Rim_HorizCut.Out_Cont,rim.out.diff.length,rim.inn.diff.length,sherd_height,sherd_rim.diameter,sherd_rim.diameter.check,is.full.profile,Rim_HorizCut.Inn_WT,Rim_HorizCut.Inn_Width,Rim_HorizCut.Inn_Cont,Rim_incl_min_sign,Rim_incl_max_sign,Rim_incl_mean_sign,sherd_listlines.inn.length,sherd_listlines.inn,sherd_listlines.out.length,sherd_listlines.out,Rim_mass.centre.x,Rim_mass.centre.y,Rim_majoraxis,Rim_WT.mean.norm,Rim_WT.med.norm,Rim_WT.var.norm,Rim_WT.skew.norm,Rim_WT.kurt.norm,Rim_WT.BotMed.norm,Below.Rim_incl_sin_min,Below.Rim_incl_sin_max,Below.Rim_incl_sin_mean,Below.Rim_incl_min_sign,Below.Rim_incl_max_sign,Below.Rim_incl_mean_sign,rim.out.prot.length.2,rim.inn.prot.length.2,rim.out.max.diff.length,rim.inn.max.diff.length,pixel_scale,pixel_scale_alt,pixel_scale_check,Rim_periph.O.length.exclB,Rim_periph.O.length.inclB,TV,Type,Rim_height_manual,filewd,set,Site,Year,ContextCompare,inERlist
SADR010324.jpg,0.971014493,1.135898537,6.58718503,146.71,89.07,0.811277882,3.001388432,0.374703751,4,25.57352941,28,5.241385759,5,29,4,8,0.885074627,2.149253731,13.4,2.310344828,2.619896492,5.8,0.910418445,0.917808219,0.985294118,36,8,1,no discontinuities,-27,-5,242,903,known,FALSE,17,1,no discontinuities,1,1,1,0,,1,242,22.31984261,32.46767847,32.46767847,0.856343284,0.958333333,0.048362983,-2.155758231,4.191075826,6.260869565,0.957142857,0.971014493,0.957142857,-1,-1,-1,7.572656914,7.795842834,27,11,179,179,0,144,171,1B150,1B15,67,C:/Users/u0112360/Documents/____/Sagalassos/__PhD/measurements/scripts/Type_Labeling/SRSW_labeling/app_input,Cumulus,PQ,2004,SA-2004-PQ-00071,FALSE
SADR010493.jpg,0.941176471,3.944467458,1.264911064,128.41,83.09,1.042888096,1.890854138,0.652774667,6,14.29411765,16,4.384129131,3,18,6,6,0.796052632,2.5,5.333333333,0.888888889,1.119341564,6,0.527445682,0.842105263,0.941176471,105,26,1,no discontinuities,-9,5,154,385,known,TRUE,5,1,no discontinuities,1,-1,1,0,,3,1;14;154,11.16528926,8.309917355,8.309917355,0.741666667,0.866666667,0.088814815,-1.122537666,0.092356981,4.615384615,0.941176471,0.941176471,0.941176471,-1,-1,-1,2.915475947,1.264911064,10,5,178,178,0,40,57,1B150,1B15,16,C:/Users/u0112360/Documents/____/Sagalassos/__PhD/measurements/scripts/Type_Labeling/SRSW_labeling/app_input,Cumulus,PQ,1997,SA-1997-PQ-00006,TRUE
SADR010555.jpg,0.956521739,4.110960958,2.779446328,118.18,91.92,1.029381336,1.476785186,0.731561779,14,16.82608696,19,3.406573511,7,19,39,10,0.886363636,2.545454545,3.142857143,1.157894737,1.30749354,2.714285714,0.444905738,0.916666667,0.956521739,80,35,1,no discontinuities,-7,5,222,715,known,TRUE,13,1,no discontinuities,1,-1,1,1,1,3,1;32;222,11.54615385,11.49230769,11.49230769,0.810606061,1,0.082792208,-1.396498884,0.863286583,8,1,0.956521739,0.956521739,0,1,1,3.794733192,2.779446328,7,5,179,179,0,56,75,1B150,1B15,22,C:/Users/u0112360/Documents/____/Sagalassos/__PhD/measurements/scripts/Type_Labeling/SRSW_labeling/app_input,Cumulus,PQ,1997,SA-1997-PQ-00007,TRUE
SADR010557.jpg,0.967741935,4.543193455,5.878779311,128.89,90.98,0.95313043,1.908250457,0.635686607,22,15.96774194,17,2.626580425,6,18,22,10,0.894736842,2.4,5,1.666666667,1.878787879,3,0.784928287,0.967741935,0.967741935,48,21,1,no discontinuities,-4,5,263,734,known,TRUE,7,1,no discontinuities,1,-1,-1,1,1,3,1;32;263,10.51176471,16.09411765,16.09411765,0.833333333,0.916666667,0.049329502,-2.313504118,5.340768844,7.636363636,0.967741935,0.967741935,0.967741935,-1,-1,-1,4.133281263,5.878779311,5,7,178,178,0,72,87,1B150,1B15,30,C:/Users/u0112360/Documents/____/Sagalassos/__PhD/measurements/scripts/Type_Labeling/SRSW_labeling/app_input,Cumulus,PQ,1997,SA-1997-PQ-00007,TRUE
SADR010560.jpg,0.976190476,12.41414443,0,138.62,92.41,0.943350461,2.024362332,0.623060568,7,25.35714286,26.5,3.760004077,9,28,7,12,0.909167368,2.341463415,4.555555556,1.464285714,1.616901408,3.111111111,0.70706959,0.953488372,0.976190476,54,22,1,no discontinuities,-11,5,293,1029,known,TRUE,1,1,no discontinuities,1,-1,1,2,1;15,4,1;44;51;293,17.60592044,21.25439408,21.25439408,0.861360719,0.947368421,0.040132423,-2.756851724,7.769118931,10.55555556,0.911111111,0.872340426,0.911111111,-1,-1,-1,12.41414443,0.124034735,17,5,178,178,0,96,121,1B150,1B15,41,C:/Users/u0112360/Documents/____/Sagalassos/__PhD/measurements/scripts/Type_Labeling/SRSW_labeling/app_input,Cumulus,PQ,1997,SA-1997-PQ-00007,TRUE
SADR010568.jpg,0.952380952,3.73795094,3.663967458,134.23,91.84,1.070276285,1.692434267,0.651391475,8,17.61904762,19,4.104585125,5,20,21,8,0.883333333,2.5,4,1,1.135135135,4,0.583750473,0.833333333,0.952380952,90,29,1,no discontinuities,-12,2,331,1139,known,TRUE,9,1,no discontinuities,1,-1,1,1,1,3,1;29;331,13.06738544,10.54177898,10.54177898,0.836666667,0.966666667,0.078350877,-1.778608924,2.070443142,6.206896552,0.952380952,0.952380952,0.952380952,-1,-1,-1,5.028434002,3.140543536,12,4,179,179,0,50,69,1B150,1B15,20,C:/Users/u0112360/Documents/____/Sagalassos/__PhD/measurements/scripts/Type_Labeling/SRSW_labeling/app_input,Cumulus,PQ,1997,SA-1997-PQ-00007,TRUE
SADR010571.jpg,0.944444444,3.880570001,0,110.12,91.76,0.904027881,2.677274597,0.469861573,12,27,28.5,4.48527001,16,31,12,20,0.867647059,3.294117647,1.0625,0.548387097,0.62962963,1.9375,0.82890863,0.944444444,0.80952381,167,93,1,no discontinuities,-4,11,169,402,known,FALSE,1,1,no discontinuities,1,-1,-1,0,,1,169,16.27330508,9.296610169,9.296610169,0.717647059,0.8,0.090294118,-1.092245139,0.030151698,21.25,0.894736842,0.944444444,0.944444444,-1,-1,-1,1.697749375,0.875544544,5,11,179,179,0,56,87,1B150,1B15,17,C:/Users/u0112360/Documents/____/Sagalassos/__PhD/measurements/scripts/Type_Labeling/SRSW_labeling/app_input,Cumulus,PQ,1997,SA-1997-PQ-00006,TRUE
SADR010595.jpg,0.979591837,1.664861156,2.713594573,117.23,80.6,0.675892048,3.572358345,0.314244449,9,13.63265306,15,3.345979413,3,17,26,6,0.809027778,2.166666667,16,2.823529412,3.520958084,5.666666667,0.93975901,0.96,0.979591837,32,7,1,no discontinuities,-10,4,269,828,known,FALSE,33,1,no discontinuities,1,-1,1,0,,1,269,11.51216023,22.60515021,22.60515021,0.754464286,0.857142857,0.057079082,-1.171873313,0.895323854,4.666666667,0.979591837,0.979591837,0.979591837,-1,-1,-1,1.664861156,0.678398643,10,4,178,178,0,104,121,1B150,1B15,48,C:/Users/u0112360/Documents/____/Sagalassos/__PhD/measurements/scripts/Type_Labeling/SRSW_labeling/app_input,EarlyRoman,PQ,1997,SA-1997-PQ-00016,TRUE
SADR010597.jpg,0.928571429,3.461538462,0.316227766,111.36,89.94,1.070997496,1.77998829,0.693055264,10,11.85714286,13,2.567762955,5,14,27,8,0.846153846,2.769230769,2.6,0.928571429,1.096385542,2.8,0.407291496,0.928571429,0.928571429,102,47,1,no discontinuities,-5,4,209,636,known,FALSE,2,1,no discontinuities,1,-1,1,0,,1,209,8.642424242,7.412121212,7.412121212,0.743589744,0.888888889,0.083095916,-1.431956834,0.823672697,6.75,1,0.928571429,0.928571429,0,-1,-1,0.384615385,0.316227766,5,4,178,178,0,36,50,1B150,1B15,13,C:/Users/u0112360/Documents/____/Sagalassos/__PhD/measurements/scripts/Type_Labeling/SRSW_labeling/app_input,EarlyRoman,PQ,1997,SA-1997-PQ-00016,TRUE
SADR010600.jpg,0.941176471,0.554700196,2.537312792,116.67,83.7,1.003663261,2.393214269,0.546568674,2,19.11764706,21,5.134227704,7,24,9,10,0.7925,2.75,2.285714286,0.666666667,0.836923077,3.428571429,0.722913695,0.842105263,0.888888889,141,48,1,no discontinuities,-10,7,259,1033,known,FALSE,7,1,no discontinuities,1,-1,1,0,,1,259,14.59936909,8.432176656,8.432176656,0.694852941,0.794117647,0.091450404,-0.947546695,-0.389370318,10.07407407,0.941176471,0.941176471,0.941176471,1,-1,1,0.554700196,0.422885465,10,7,178,178,0,44,68,1B150,1B15,16,C:/Users/u0112360/Documents/____/Sagalassos/__PhD/measurements/scripts/Type_Labeling/SRSW_labeling/app_input,EarlyRoman,PQ,1997,SA-1997-PQ-00016,TRUE
SADR010606.jpg,0.952380952,4.275487428,0.501036271,115.36,76.9,0.989500716,1.996281746,0.529186994,13,16.38095238,18,4.598654047,5,22,13,8,0.745652174,2.5,4,0.909090909,1.220930233,4.4,0.531583772,0.952380952,0.869565217,102,29,1,no discontinuities,-5,11,173,418,known,TRUE,2,1,no discontinuities,1,-1,-1,1,1,3,1;19;173,11.21282799,10.07580175,10.07580175,0.655882353,0.735294118,0.07294664,-0.860224278,-0.232191777,8.16,0.952380952,0.909090909,0.909090909,-1,-1,-1,1.221567837,0.501036271,6,11,178,178,0,50,71,1B150,1B15,20,C:/Users/u0112360/Documents/____/Sagalassos/__PhD/measurements/scripts/Type_Labeling/SRSW_labeling/app_input,Cumulus,PQ,1997,SA-1997-PQ-00006,TRUE
SADR010608.jpg,0.923076923,2.979381199,0,111.49,80.83,0.995256553,3.039081381,0.435940807,5,15.92307692,17,4.906824133,6,21,5,9,0.75,2.916666667,2,0.571428571,0.753623188,3.5,0.803834338,0.923076923,0.75,163,58,1,no discontinuities,-5,10,155,416,known,TRUE,1,1,no discontinuities,1,-1,-1,2,1;33,4,1;4;8;155,11.4040404,6.550505051,6.550505051,0.633333333,0.7,0.105454545,-0.542927696,-1.103296891,10,0.923076923,0.923076923,0.923076923,-1,-1,-1,1.737972366,0.605405515,6,10,178,178,0,35,56,1B150,1B15,12,C:/Users/u0112360/Documents/____/Sagalassos/__PhD/measurements/scripts/Type_Labeling/SRSW_labeling/app_input,Cumulus,PQ,1997,SA-1997-PQ-00006,TRUE
SADR010688.jpg,0.923076923,1.629643429,0.536875492,105.3,82.74,1.019445967,2.172428418,0.529472867,7,11.69230769,13,2.897832966,6,15,7,9,0.78125,2.916666667,2,0.8,1.026315789,2.5,0.618812771,0.923076923,0.857142857,118,58,1,no discontinuities,-1,7,152,409,known,TRUE,2,1,no discontinuities,1,-1,-1,1,1,4,1;21;23;152,8.486666667,6.753333333,6.753333333,0.611111111,0.722222222,0.106621773,-0.591010067,-1.160140813,9.692307692,0.923076923,0.923076923,0.923076923,-1,-1,-1,1.086428953,0.536875492,2,7,178,178,0,35,49,1B150,1B15,12,C:/Users/u0112360/Documents/____/Sagalassos/__PhD/measurements/scripts/Type_Labeling/SRSW_labeling/app_input,Cumulus,PQ,1997,SA-1997-PQ-00007,TRUE
SADR010771.jpg,0.944444444,4.123105626,0,115.81,88.24,1.038490693,2.140212088,0.568254554,13,18.5,20,4.176263458,8,22,13,11,0.83887468,2.764705882,2.125,0.772727273,0.918918919,2.75,0.669844504,0.944444444,0.85,120,51,1,no discontinuities,-4,10,193,520,known,FALSE,1,1,no discontinuities,1,-1,-1,0,,1,193,11.96036585,9.06097561,9.06097561,0.735294118,0.857142857,0.090411164,-1.097362273,-0.021745846,10.5,0.944444444,0.944444444,0.944444444,-1,-1,-1,1.940285,1.271997456,5,10,178,178,0,47,69,1B150,1B15,17,C:/Users/u0112360/Documents/____/Sagalassos/__PhD/measurements/scripts/Type_Labeling/SRSW_labeling/app_input,EarlyRoman,PQ,1998,SA-1998-PQ-00020,TRUE
SADR010891.jpg,0.941176471,1.182727327,0.422885465,112.05,74.7,1.013354602,2.408130833,0.518712913,3,15.76470588,17,5.379700407,4,22,15,7,0.711956522,2.5625,4,0.727272727,1.014925373,5.5,0.641179935,0.8,0.888888889,131,31,1,no discontinuities,-11,7,113,654,known,FALSE,2,1,no discontinuities,1,-1,1,0,,1,113,13.61832061,8.110687023,8.110687023,0.631944444,0.694444444,0.086779835,-0.684705088,-0.789678954,7.2,0.941176471,0.941176471,0.941176471,1,1,1,0.591363664,0.422885465,11,7,178,178,0,41,63,1B150,1B15,16,C:/Users/u0112360/Documents/____/Sagalassos/__PhD/measurements/scripts/Type_Labeling/SRSW_labeling/app_input,EarlyRoman,PQ,2002,SA-2002-PQ-00030,TRUE
SADR010901.jpg,0.96969697,1.234760167,3.159646813,128.65,90.81,0.898190845,2.337935238,0.483697703,4,15.96969697,17,3.206291164,5,18,5,7,0.889802632,2.28125,6.4,1.777777778,2.003795066,3.6,0.838255062,0.914285714,0.96969697,54,18,1,no discontinuities,-14,-1,273,646,known,TRUE,8,1,no discontinuities,1,1,1,2,1;45,4,1;37;42;273,14.11275416,16.16451017,16.16451017,0.838942308,0.923076923,0.061981056,-1.854313565,2.717180635,6.5,1,0.96969697,0.96969697,0,1,1,4.174665327,3.385335871,14,4,178,178,0,73,91,1B150,1B15,32,C:/Users/u0112360/Documents/____/Sagalassos/__PhD/measurements/scripts/Type_Labeling/SRSW_labeling/app_input,EarlyRoman,PQ,2002,SA-2002-PQ-00030,TRUE
SADR010903.jpg,0.981132075,3.893668673,6.157952367,142.62,89.13,0.787686818,2.974812645,0.380827127,18,18.49056604,20,4.374852268,2,21,18,5,0.883741259,2.134615385,26,2.476190476,2.812244898,10.5,0.904511397,0.962962963,0.981132075,37,5,1,no discontinuities,-12,7,390,1054,known,TRUE,14,1,no discontinuities,1,-1,1,4,1;47;47;64,4,1;20;53;390,13.2611276,25.00395648,25.00395648,0.865384615,0.947368421,0.053708485,-2.098370558,3.769049284,3.166666667,0.981132075,0.981132075,0.981132075,-1,-1,-1,5.897762843,5.070112202,12,8,179,179,0,111,132,1B150,1B15,52,C:/Users/u0112360/Documents/____/Sagalassos/__PhD/measurements/scripts/Type_Labeling/SRSW_labeling/app_input,EarlyRoman,PQ,2002,SA-2002-PQ-00030,TRUE
SADR010907.jpg,0.947368421,5.109564436,1.41083162,117.04,92.4,0.990438205,1.710077582,0.693243597,13,17.63157895,19,3.435283044,7,20,23,11,0.880952381,2.722222222,2.571428571,0.9,1.020895522,2.857142857,0.472584179,0.9,0.947368421,103,42,1,no discontinuities,-8,5,168,939,known,FALSE,6,1,no discontinuities,1,-1,1,0,,1,168,11.78678679,9.732732733,9.732732733,0.807692308,0.923076923,0.071876088,-1.775491468,2.35036147,8.666666667,0.947368421,0.947368421,0.947368421,-1,-1,-1,2.128985182,1.41083162,8,5,179,179,0,49,69,1B150,1B15,18,C:/Users/u0112360/Documents/____/Sagalassos/__PhD/measurements/scripts/Type_Labeling/SRSW_labeling/app_input,EarlyRoman,PQ,2001,SA-2001-PQ-00080,TRUE
SADR010911.jpg,1,1.856953382,0,104.04,85.12,1.169441837,1.739362156,0.745838517,6,9.583333333,10.5,2.391588796,4,12,5,7,0.863636364,2.818181818,2.75,0.916666667,1.147826087,3,0.425299369,0.916666667,0.916666667,100,47,1,no discontinuities,-4,4,134,401,known,FALSE,1,1,no discontinuities,1,-1,0,0,,1,134,7.736842105,6.412280702,6.412280702,0.766233766,0.857142857,0.115398887,-1.16434432,-0.169736998,5.833333333,1,0.916666667,0.916666667,0,-1,-1,0,0,4,4,178,178,0,31,43,1B150,1B15,11,C:/Users/u0112360/Documents/____/Sagalassos/__PhD/measurements/scripts/Type_Labeling/SRSW_labeling/app_input,EarlyRoman,PQ,2001,SA-2001-PQ-00065,TRUE
SADR010985.jpg,0.961538462,1.109400392,3.452378733,120.52,81.22,0.969966732,1.762726195,0.559048286,3,18.96153846,20.5,5.17285816,4,24,2,8,0.7904,2.4,6.25,1.041666667,1.318458418,6,0.622982469,0.833333333,0.961538462,90,19,1,no discontinuities,-16,4,182,1502,known,FALSE,22,1,no discontinuities,1,-1,1,0,,1,182,15.82186235,12.32995951,12.32995951,0.738,0.8,0.066933333,-1.271323614,0.87108574,6.25,1,0.961538462,0.961538462,0,-1,-1,1.109400392,0.328797975,16,4,178,178,0,60,84,1B150,1B15,25,C:/Users/u0112360/Documents/____/Sagalassos/__PhD/Drawings/PQ_NewDownloads,EarlyRoman,PQ,2000,SA-2000-PQ-00086,TRUE
SADR010987.jpg,0.945945946,0.46788772,2.11399279,124.34,81.8,0.864491908,2.571498608,0.412073477,2,16.11111111,18,4.05517502,4,20,6,6,0.80952381,2.228571429,8.75,1.75,2.172413793,5,0.866657174,0.875,0.972222222,53,13,1,no discontinuities,-18,-2,153,948,known,FALSE,11,1,no discontinuities,1,1,1,0,,1,153,15.67394958,16.88403361,16.88403361,0.75,0.875,0.064338235,-1.248959921,0.738042274,5.714285714,0.972222222,0.972222222,0.972222222,-1,-1,-1,2.859313847,0.528498198,18,4,178,178,0,78,98,1B150,1B15,35,C:/Users/u0112360/Documents/____/Sagalassos/__PhD/measurements/scripts/Type_Labeling/SRSW_labeling/app_input,EarlyRoman,PQ,2000,SA-2000-PQ-00086,TRUE
SADR010988.jpg,0.965517241,0.694628712,0.568176659,114.29,72.18,0.892299212,2.232392229,0.485383369,3,14.24137931,15,4.556433226,2,20,5,5,0.715986395,2.25,14,1.4,1.966101695,10,0.763221244,0.933333333,0.933333333,66,11,1,no discontinuities,-10,8,89,886,known,FALSE,3,1,no discontinuities,1,-1,1,0,,1,89,11.9216152,13.26840855,13.26840855,0.668650794,0.722222222,0.062524495,-0.927381299,0.137570454,4.153846154,0.965517241,0.933333333,0.933333333,-1,-1,-1,0.694628712,0.568176659,10,8,178,178,0,63,83,1B150,1B15,28,C:/Users/u0112360/Documents/____/Sagalassos/__PhD/Drawings/PQ_NewDownloads,EarlyRoman,PQ,2000,SA-2000-PQ-00086,TRUE
SADR010990.jpg,0.944444444,0,1.603275336,109.66,73.11,1.023539105,2.118046651,0.582021621,1,15.5,16.5,5.316456139,4,22,26,7,0.732620321,2.529411765,4.25,0.772727273,1.096774194,5.5,0.527548026,0.80952381,0.894736842,117,30,1,no discontinuities,-11,7,128,771,known,FALSE,5,1,no discontinuities,1,-1,1,0,,1,128,12.79562044,8.50729927,8.50729927,0.653979239,0.705882353,0.094239772,-0.591747545,-0.898430448,7.083333333,0.944444444,0.944444444,0.944444444,1,1,1,0,0,11,7,179,179,0,43,65,1B150,1B15,17,C:/Users/u0112360/Documents/____/Sagalassos/__PhD/measurements/scripts/Type_Labeling/SRSW_labeling/app_input,EarlyRoman,PQ,2000,SA-2000-PQ-00086,TRUE
SADR010991.jpg,0.909090909,0.644135746,3.784235985,114.83,79.29,1.015464292,2.212449918,0.452563831,2,16.85714286,18,4.85062588,5,22,27,8,0.765217391,2.5,4,0.909090909,1.186440678,4.4,0.753439067,0.769230769,0.952380952,106,29,1,no discontinuities,-16,1,136,888,known,FALSE,3,1,no discontinuities,1,-1,1,0,,1,136,16.51988636,10.05113636,10.05113636,0.682352941,0.735294118,0.080641049,-0.868103041,-0.30647,8.16,0.952380952,0.952380952,0.952380952,1,1,1,1.167496039,1.156294329,16,4,178,178,0,50,72,1B150,1B15,20,C:/Users/u0112360/Documents/____/Sagalassos/__PhD/measurements/scripts/Type_Labeling/SRSW_labeling/app_input,EarlyRoman,PQ,2000,SA-2000-PQ-00086,TRUE
SADR010993.jpg,0.98,2.692307692,4.318364952,124.17,81.35,0.870247272,2.369748406,0.451620117,8,24.12,26,5.968078349,6,30,9,9,0.806451613,2.224489796,8.166666667,1.633333333,2.031509121,5,0.827862205,0.924528302,0.98,57,13,1,no discontinuities,-20,4,230,1009,known,FALSE,16,1,no discontinuities,1,-1,1,0,,1,230,19.52081633,22.95673469,22.95673469,0.75,0.833333333,0.061848958,-1.244450503,0.831774926,8.4,0.98,0.960784314,0.960784314,-1,-1,-1,2.692307692,0.581318359,20,5,179,179,0,109,139,1B150,1B15,49,C:/Users/u0112360/Documents/____/Sagalassos/__PhD/measurements/scripts/Type_Labeling/SRSW_labeling/app_input,EarlyRoman,PQ,2000,SA-2000-PQ-00086,TRUE
SADR011004.jpg,0.976190476,2.163602506,5.293387396,123.37,91.06,0.863867861,2.387999567,0.494878692,8,19.66666667,20,2.333913981,9,22,14,12,0.898197243,2.341463415,4.555555556,1.863636364,2.084745763,2.444444444,0.86622728,0.931818182,0.976190476,45,22,1,no discontinuities,-13,-2,254,1050,known,FALSE,5,1,no discontinuities,1,1,1,1,244,5,4;23;148;239;254,15.51711924,21.3459268,21.3459268,0.81988743,0.846153846,0.033020638,-2.930095953,9.12091568,11.81818182,0.976190476,0.931818182,0.953488372,-1,-1,-1,3.970567237,3.046194634,13,7,178,178,0,96,116,1B150,1B15,41,C:/Users/u0112360/Documents/____/Sagalassos/__PhD/Drawings/PQ_NewDownloads,EarlyRoman,PQ,2000,SA-2000-PQ-00086,TRUE
SADR011075.jpg,0.941176471,3.342516087,2.941742027,125,85.23,1.116433753,1.661524379,0.657690061,10,9.823529412,11,2.766660761,2,12,14,5,0.826923077,2.4375,8,1.333333333,1.628742515,6,0.621658525,0.888888889,0.941176471,71,20,1,no discontinuities,-6,3,160,695,known,FALSE,5,1,no discontinuities,1,-1,1,0,,1,160,7.976744186,8.622093023,8.622093023,0.775,0.9,0.080666667,-1.464917395,1.121992873,3.333333333,1,0.941176471,0.941176471,0,-1,-1,3.342516087,2.745625892,6,4,179,179,0,39,50,1B150,1B15,16,C:/Users/u0112360/Documents/____/Sagalassos/__PhD/measurements/scripts/Type_Labeling/SRSW_labeling/app_input,Cumulus,PQ,2000,SA-2000-PQ-00021,FALSE
SADR011076.jpg,1,2.011435199,0.862043657,101.3,88.64,1.12900986,1.697914112,0.772789861,8,7.5,8,1.834021909,3,9,16,6,0.836363636,2.727272727,3.666666667,1.222222222,1.466666667,3,0.520577325,0.916666667,0.916666667,80,38,1,no discontinuities,-3,3,150,761,known,FALSE,4,1,no discontinuities,1,-1,0,0,,1,150,6.304347826,6.413043478,6.413043478,0.727272727,0.833333333,0.095959596,-1.164049246,0.168860603,4.8,0.916666667,0.916666667,0.916666667,-1,-1,-1,0.862043657,0.862043657,3,3,179,179,0,30,39,1B150,1B15,11,C:/Users/u0112360/Documents/____/Sagalassos/__PhD/measurements/scripts/Type_Labeling/SRSW_labeling/app_input,Cumulus,PQ,2000,SA-2000-PQ-00021,FALSE
SADR011077.jpg,0.923076923,2.017233444,1.366972252,110.26,79.63,1.108797407,1.714559479,0.688455992,4,7.615384615,8,2.501281723,2,10,4,5,0.772727273,2.583333333,6,1.2,1.575757576,5,0.527922497,0.923076923,0.923076923,80,28,1,no discontinuities,-3,4,142,761,known,FALSE,5,1,no discontinuities,1,-1,-1,0,,3,72;101;142,7,6.568627451,6.568627451,0.6875,0.75,0.103693182,-0.745787195,-0.669328986,4,0.923076923,0.923076923,0.923076923,-1,-1,-1,2.017233444,1.366972252,4,4,178,178,0,31,40,1B150,1B15,12,C:/Users/u0112360/Documents/____/Sagalassos/__PhD/measurements/scripts/Type_Labeling/SRSW_labeling/app_input,Cumulus,PQ,2000,SA-2000-PQ-00021,FALSE
SADR011090.jpg,0.976190476,2.457864091,5.53445617,127.75,90.9,0.941858153,1.875363026,0.573375184,8,24.07142857,26,4.391748677,8,27,28,12,0.893728223,2.341463415,5.125,1.518518519,1.703264095,3.375,0.763242586,0.931818182,0.976190476,58,20,1,no discontinuities,-15,3,199,854,known,FALSE,17,1,no discontinuities,1,-1,1,0,,1,199,17.45614035,20.4785575,20.4785575,0.84338896,0.947368421,0.054499696,-2.058317903,3.724407966,9.5,0.976190476,0.976190476,0.976190476,-1,-1,-1,5.500933918,4.562186843,15,6,178,178,0,96,122,1B150,1B15,41,C:/Users/u0112360/Documents/____/Sagalassos/__PhD/measurements/scripts/Type_Labeling/SRSW_labeling/app_input,Cumulus,PQ,2000,SA-2000-PQ-00026,TRUE
SADR011104.jpg,0.954545455,3.601470288,1.641458709,122.75,84.98,1.01734827,2.025419684,0.624257116,8,22.09090909,25,5.903260527,6,27,23,10,0.816326531,2.571428571,3.5,0.777777778,0.950617284,4.5,0.623437394,0.84,0.913043478,118,33,1,no discontinuities,-12,9,230,1098,known,FALSE,5,1,no discontinuities,1,-1,1,0,,1,230,15.54791667,10.63125,10.63125,0.755102041,0.904761905,0.080110139,-1.251815435,0.521143684,7.736842105,0.954545455,0.954545455,0.954545455,-1,-1,-1,2.057983022,1.641458709,12,9,178,178,0,54,81,1B150,1B15,21,C:/Users/u0112360/Documents/____/Sagalassos/__PhD/measurements/scripts/Type_Labeling/SRSW_labeling/app_input,Cumulus,PQ,2000,SA-2000-PQ-00026,TRUE
SADR011135.jpg,0.948717949,2.562037832,4.215721491,126.94,89.43,0.962095427,2.212289305,0.486766322,7,20.15789474,22,4.220454156,7,23,25,10,0.879504505,2.324324324,5.285714286,1.608695652,1.835509138,3.285714286,0.824744179,0.902439024,0.973684211,57,19,1,no discontinuities,-17,-2,168,906,known,FALSE,7,1,no discontinuities,1,1,1,0,,1,168,16.98975672,18.29833547,18.29833547,0.819256757,0.9375,0.071133634,-1.625138284,1.656587999,8.533333333,0.973684211,1,0.973684211,-1,0,-1,4.923131521,3.882901374,17,6,178,178,0,86,108,1B150,1B15,37,C:/Users/u0112360/Documents/____/Sagalassos/__PhD/measurements/scripts/Type_Labeling/SRSW_labeling/app_input,Cumulus,PQ,2000,SA-2000-PQ-00026,TRUE
SADR011296.jpg,0.941176471,0,1.264911064,109.38,78.12,1.052651705,1.576311154,0.705952587,1,11.29411765,12,3.235828833,3,15,28,6,0.804166667,2.5,5.333333333,1.066666667,1.416666667,5,0.47200248,0.888888889,0.941176471,85,26,1,no discontinuities,-7,5,156,402,known,FALSE,5,1,no discontinuities,1,-1,1,0,,10,47;63;75;83;87;97;107;130;149;156,8.813471503,8.419689119,8.419689119,0.732954545,0.818181818,0.084263085,-1.089806216,0.205313786,4.888888889,0.941176471,1,0.941176471,1,0,1,0,0,7,5,178,178,0,40,55,1B150,1B15,16,C:/Users/u0112360/Documents/____/Sagalassos/__PhD/Drawings/PQ_NewDownloads,EarlyRoman,PQ,1998,SA-1998-PQ-00020,TRUE
SADR011508.jpg,0.96875,1.788854382,6.008327554,130.32,86.88,1.014585863,1.686004919,0.656120903,5,26.25,29.5,6.515490227,6,31,14,10,0.846774194,2.387096774,5.166666667,1,1.180952381,5.166666667,0.347414119,0.885714286,0.939393939,91,21,1,no discontinuities,-15,10,185,773,known,FALSE,20,1,no discontinuities,1,-1,1,0,,2,153;185,18.27142857,15.24166667,15.24166667,0.803870968,0.92,0.068944516,-1.613518306,1.64198898,7.608695652,0.96875,0.96875,0.96875,-1,1,-1,1.788854382,1.264911064,15,10,179,179,0,74,105,1B150,1B15,31,C:/Users/u0112360/Documents/____/Sagalassos/__PhD/measurements/scripts/Type_Labeling/SRSW_labeling/app_input,Cumulus,OD,2007,SA-2007-OD-00063,FALSE
SADR011815.jpg,0.954545455,3.333974297,0.742781353,114.88,76.59,0.926380379,2.42560643,0.484526858,18,9.772727273,10.5,3.038355103,1,13,28,4,0.758503401,2.285714286,21,1.615384615,2.148837209,13,0.811752853,0.954545455,0.913043478,58,11,1,no discontinuities,-4,8,172,696,known,FALSE,3,1,no discontinuities,1,-1,-1,0,,1,172,7.367713004,10.48878924,10.48878924,0.718253968,0.75,0.063525132,-1.28354823,1.066489937,2.666666667,0.954545455,0.954545455,0.954545455,-1,-1,-1,0.39223227,0.742781353,4,8,178,178,0,48,61,1B150,1B15,21,C:/Users/u0112360/Documents/____/Sagalassos/__PhD/Drawings/LA2_SADR11801-SADR011845,EarlyRoman,LA2,2003,SA-2003-LA2-00080,TRUE
SADR011829.jpg,0.933333333,2.661000724,0.569209979,108.84,81.63,1.033340495,2.060694328,0.508028589,6,11.66666667,13,3.177300441,4,15,6,7,0.776785714,2.642857143,3.5,0.933333333,1.2,3.75,0.690678894,0.933333333,0.823529412,104,36,1,no discontinuities,-2,9,165,398,known,FALSE,2,1,no discontinuities,1,-1,-1,0,,1,165,8.701149425,7.591954023,7.591954023,0.675324675,0.772727273,0.082281355,-0.981144167,-0.200713613,6.470588235,0.933333333,0.933333333,0.933333333,-1,-1,-1,0.152057184,0.569209979,3,9,178,178,0,37,52,1B150,1B15,14,C:/Users/u0112360/Documents/____/Sagalassos/__PhD/Drawings/LA2_SADR11801-SADR011845,EarlyRoman,LA2,2003,SA-2003-LA2-00080,TRUE
SADR011830.jpg,0.941176471,2.834289156,0,107.41,85.29,1.064435371,1.775104327,0.668102356,12,14.64705882,16,3.101233151,7,18,16,10,0.857638889,2.75,2.285714286,0.888888889,1.092369478,2.571428571,0.448111369,0.941176471,0.888888889,99,48,1,no discontinuities,-4,7,133,651,known,FALSE,1,1,no discontinuities,1,-1,-1,0,,1,133,9.967611336,8.704453441,8.704453441,0.74375,0.85,0.094625,-1.122193764,0.012667254,9.411764706,0.941176471,0.941176471,0.941176471,-1,-1,-1,0,0,4,7,178,178,0,44,62,1B150,1B15,16,C:/Users/u0112360/Documents/____/Sagalassos/__PhD/Drawings/LA2_SADR11801-SADR011845,EarlyRoman,LA2,2003,SA-2003-LA2-00080,TRUE
SADR011831.jpg,1,2.165964615,6.106816902,126.02,89.27,1.02129032,1.634195055,0.634189692,9,21.79411765,25,5.139151043,7,25,6,10,0.872960373,2.363636364,4.714285714,1.32,1.51417004,3.571428571,0.61053995,0.942857143,0.942857143,72,22,1,no discontinuities,-9,9,238,882,known,FALSE,11,1,no discontinuities,1,-1,0,0,,1,238,15.0787717,16.24432577,16.24432577,0.816498316,1,0.083041059,-1.49831236,1.032947805,8,0.970588235,0.970588235,0.970588235,-1,1,-1,3.910769444,5.836071325,9,10,178,178,0,78,103,1B150,1B15,33,C:/Users/u0112360/Documents/____/Sagalassos/__PhD/Drawings/LA2_SADR11801-SADR011845,EarlyRoman,LA2,2003,SA-2003-LA2-00080,TRUE
SADR011834.jpg,0.954545455,4.2029795,1.982102548,119.05,95.24,1.054468314,1.62609627,0.669640752,8,19.18181818,20,2.954195784,10,21,8,13,0.915584416,2.714285714,2.1,1,1.09478673,2.1,0.472083637,0.954545455,0.913043478,91,50,1,no discontinuities,-3,7,216,1071,known,FALSE,7,1,no discontinuities,1,-1,-1,0,,1,216,12.68321513,11.36170213,11.36170213,0.831168831,0.909090909,0.075442739,-1.746059804,2.057595492,12.1,0.954545455,0.954545455,0.954545455,-1,-1,-1,3.906298594,3.350697165,5,7,178,178,0,57,77,1B150,1B15,21,C:/Users/u0112360/Documents/____/Sagalassos/__PhD/Drawings/LA2_SADR11801-SADR011845,EarlyRoman,LA2,2003,SA-2003-LA2-00080,TRUE
SADR011835.jpg,0.962962963,4.742072556,5.181187361,119.76,94.09,1.008324668,1.699452922,0.696226985,15,26.37037037,29,4.592201987,12,29,22,16,0.908974359,2.692307692,2.166666667,0.896551724,0.985955056,2.416666667,0.491185414,0.928571429,0.928571429,102,46,1,no discontinuities,-9,8,230,870,known,FALSE,18,1,no discontinuities,1,-1,1,0,,1,230,16.62623413,13.5190409,13.5190409,0.839366516,1,0.074894863,-1.761749154,2.097800598,13,0.962962963,0.896551724,0.928571429,-1,-1,-1,4.742072556,4.266860179,9,8,178,178,0,70,99,1B150,1B15,26,C:/Users/u0112360/Documents/____/Sagalassos/__PhD/Drawings/LA2_SADR11801-SADR011845,EarlyRoman,LA2,2003,SA-2003-LA2-00080,TRUE
SADR020634.jpg,0.944444444,2.807022877,0,108.24,90.2,1.019272283,1.911919932,0.571876713,8,16.33333333,17.5,2.9104275,9,19,8,12,0.858823529,2.823529412,1.888888889,0.894736842,1.040816327,2.111111111,0.608904726,0.944444444,0.85,106,56,1,no discontinuities,-1,9,194,759,unknown,FALSE,1,1,no discontinuities,1,-1,-1,0,,1,194,10.94178082,9.26369863,9.26369863,0.717647059,0.8,0.085294118,-1.070530267,0.026841172,12.5,0.944444444,0.894736842,0.944444444,-1,-1,-1,1.185187437,0.599208182,3,9,180,178,1.333333333,48,67,1B150,1B15,17,C:/Users/u0112360/Documents/____/Sagalassos/__PhD/Drawings/Eliane_Phase1and2/Phase-1_Eliane_29072020,EarlyRoman,SSC1,1998,SA-1998-SSC1-00025,TRUE
SADR020702.jpg,0.958333333,2.392201442,1.772968829,113.04,84.78,1.000347503,1.703664613,0.644710005,8,15.625,16.5,3.739477992,6,19,15,9,0.823913043,2.47826087,3.833333333,1.210526316,1.472,3.166666667,0.602995562,0.92,0.958333333,78,29,1,no discontinuities,-8,5,167,1001,known,FALSE,9,1,no discontinuities,1,-1,1,2,147;153,5,130;141;147;148;167,11.93139842,11.63588391,11.63588391,0.72909699,0.769230769,0.083307996,-1.005672107,0.007270471,9.1,1,0.958333333,0.958333333,0,-1,-1,2.392201442,1.551347725,8,5,180,178,1.333333333,57,76,1B150,1B15,23,C:/Users/u0112360/Documents/____/Sagalassos/__PhD/Drawings/Eliane_Phase1and2/Phase-1_Eliane_29072020,EarlyRoman,SS1,2005,SA-2005-SS1-00121,TRUE
SADR020704.jpg,0.96,0.797452223,2.586783681,106.82,83.93,0.953764003,1.778643445,0.578100147,3,17.92,19,3.522782991,9,22,44,12,0.815217391,2.583333333,2.666666667,1.090909091,1.339285714,2.444444444,0.623404789,0.923076923,0.96,84,39,1,no discontinuities,-10,3,143,950,unknown,FALSE,21,1,no discontinuities,1,-1,1,2,125;130,11,18;19;37;59;60;83;107;108;119;120;143,14.63111111,12.30666667,12.30666667,0.673076923,0.730769231,0.072163622,-0.873884907,-0.138215028,13.68421053,1,1,1,0,0,0,0.797452223,0.258678368,10,3,180,178,1.333333333,62,84,1B150,1B15,24,C:/Users/u0112360/Documents/____/Sagalassos/__PhD/Drawings/Eliane_Phase1and2/Phase-1_Eliane_29072020,EarlyRoman,SS1,2005,SA-2005-SS1-00121,TRUE
SADR020738.jpg,0.971428571,1.264911064,3.685212334,112.58,84.44,0.921114966,1.862629537,0.579043854,5,20.68571429,23,4.561807102,9,25,8,12,0.82918552,2.411764706,3.777777778,1.36,1.643646409,2.777777778,0.72223272,0.944444444,0.971428571,68,27,1,no discontinuities,-11,5,101,960,known,FALSE,7,1,no discontinuities,1,-1,1,0,,1,101,16.07912688,16.61255116,16.61255116,0.722426471,0.875,0.081484654,-0.933836387,-0.372085501,11.42857143,0.944444444,0.944444444,0.944444444,-1,-1,-1,1.264911064,0.599221518,11,6,180,178,1.333333333,82,107,1B150,1B15,34,C:/Users/u0112360/Documents/____/Sagalassos/__PhD/Drawings/Eliane_Phase1and2/Phase-1_Eliane_29072020,EarlyRoman,SS1,2006,SA-2006-SS1-00151,TRUE
SADR020749.jpg,0.952380952,0,3.053919591,104.87,88.91,0.977588364,1.737741769,0.664239171,1,20.47619048,22,3.059722988,13,24,39,16,0.8875,2.9,1.538461538,0.833333333,0.976744186,1.846153846,0.471003951,0.952380952,0.952380952,108,66,1,no discontinuities,-6,5,208,706,known,FALSE,13,1,no discontinuities,1,-1,1,0,,1,208,13.84976526,10.7629108,10.7629108,0.73,0.85,0.091684211,-0.953337076,-0.339426036,16.47058824,0.952380952,1,0.952380952,1,0,1,0,0,6,5,180,178,1.333333333,58,82,1B150,1B15,20,C:/Users/u0112360/Documents/____/Sagalassos/__PhD/Drawings/Eliane_Phase1and2/Phase-1_Eliane_29072020,EarlyRoman,L,1993,SA-1993-L-00175,TRUE
SADR020865.jpg,0.9,0.992277877,1.05999788,98.77,88.89,1.079922475,2.174589249,0.555667192,9,9,9.5,2,5,11,13,8,0.814814815,3.111111111,1.8,0.818181818,1,2.2,0.680632728,0.9,0.818181818,118,68,1,no discontinuities,-1,5,144,418,known,FALSE,3,1,no discontinuities,1,-1,-1,1,135,1,144,6.636363636,5.522727273,5.522727273,0.62962963,0.666666667,0.109567901,-0.494491008,-1.08868023,9,0.9,0.9,0.9,-1,-1,-1,0.248069469,1.05999788,1,5,180,178,1.333333333,28,39,1B150,1B15,9,C:/Users/u0112360/Documents/____/Sagalassos/__PhD/Drawings/Eliane_Phase1and2/Phase-1_Eliane_29072020,EarlyRoman,RB2,1999,SA-1999-RB2-00146,TRUE
SADR020881.jpg,0.95,2.760788152,0.447213595,107.42,91.08,0.973899618,2.043762337,0.537495517,11,20.9,22,2.989455152,13,24,11,16,0.869473684,2.947368421,1.461538462,0.791666667,0.909090909,1.846153846,0.646711197,0.95,0.863636364,119,69,1,no discontinuities,-2,9,262,594,unknown,FALSE,2,1,no discontinuities,1,-1,-1,0,,1,262,13.07506053,10.3535109,10.3535109,0.703349282,0.818181818,0.073316901,-1.204262556,0.449542216,17.11111111,0.95,0.95,0.95,-1,-1,-1,0.110431526,0.447213595,3,9,180,178,1.333333333,56,80,1B150,1B15,19,C:/Users/u0112360/Documents/____/Sagalassos/__PhD/Drawings/Eliane_Phase1and2/Phase-1_Eliane_29072020,EarlyRoman,RB2,1999,SA-1999-RB2-00169,TRUE
SADR020923.jpg,0.933333333,1.529407171,1,108.23,77.64,0.905607834,2.034062712,0.497578809,4,18.24137931,19,4.610974273,8,24,22,10,0.761428571,2.428571429,3.5,1.166666667,1.534971645,3,0.760653449,0.848484848,1,81,30,1,no discontinuities,-16,0,174,874,known,FALSE,9,1,no discontinuities,1,0,1,0,,6,7;11;62;63;68;174,16.70356473,13.63414634,13.63414634,0.627232143,0.65625,0.081158027,-0.440898034,-0.889901958,13.71428571,1,0.965517241,0.965517241,0,-1,-1,1.529407171,0,16,1,180,178,1.333333333,68,92,1B150,1B15,28,C:/Users/u0112360/Documents/____/Sagalassos/__PhD/Drawings/Eliane_Phase1and2/Phase-1_Eliane_29072020,EarlyRoman,L,1994,SA-1994-L-00098,TRUE
SADR020945.jpg,0.928571429,2.182820625,0.675724629,106.92,85.54,0.883350315,3.232381759,0.381125805,10,20.85714286,21.5,4.537995879,12,26,11,15,0.794871795,3.307692308,1.083333333,0.5,0.623287671,2.166666667,0.854067128,0.928571429,0.722222222,185,95,1,no discontinuities,-3,11,162,706,known,FALSE,2,1,no discontinuities,1,-1,-1,0,,1,162,13.03225806,7.272401434,7.272401434,0.604395604,0.642857143,0.101713762,-0.505129654,-1.18012923,20.22222222,0.928571429,0.866666667,0.866666667,-1,-1,-1,0.242535625,0.675724629,3,11,180,178,1.333333333,43,69,1B150,1B15,13,C:/Users/u0112360/Documents/____/Sagalassos/__PhD/Drawings/Eliane_Phase1and2/Phase-1_Eliane_29072020,EarlyRoman,L,1993,SA-1993-L-00198,TRUE
SADR020952.jpg,0.954545455,0.894427191,1.897629444,108.06,78.04,0.951772449,2.075562102,0.528478006,3,14.40909091,15,3.3474808,7,19,21,9,0.761904762,2.523809524,3,1.105263158,1.457413249,2.714285714,0.699195262,0.875,0.954545455,83,37,1,no discontinuities,-10,1,84,360,known,FALSE,17,1,no discontinuities,1,-1,1,0,,1,84,13.3625,10.74375,10.74375,0.603174603,0.666666667,0.077017196,-0.515359175,-0.802464798,12,0.954545455,0.954545455,0.954545455,1,1,1,0.894427191,1.098627573,10,2,180,178,1.333333333,53,71,1B150,1B15,21,C:/Users/u0112360/Documents/____/Sagalassos/__PhD/Drawings/Eliane_Phase1and2/Phase-1_Eliane_29072020,EarlyRoman,L,1993,SA-1993-L-00198,TRUE
SADR020953.jpg,0.96,2.186396091,3.161980997,109.91,97.08,0.960274256,1.882697842,0.567125161,7,28.96,29,2.130727575,22,31,15,25,0.936197917,3.125,1.090909091,0.774193548,0.828729282,1.409090909,0.720042277,0.923076923,0.96,112,88,1,no discontinuities,-9,-2,163,472,known,FALSE,7,1,no discontinuities,1,1,1,0,,1,163,19.13351878,13.28650904,13.28650904,0.773148148,0.777777778,0.058485418,-1.767450413,2.790746063,29.57142857,0.96,0.923076923,0.96,-1,-1,-1,3.036661238,3.595129079,9,5,180,178,1.333333333,75,104,1B150,1B15,24,C:/Users/u0112360/Documents/____/Sagalassos/__PhD/Drawings/Eliane_Phase1and2/Phase-1_Eliane_29072020,EarlyRoman,L,1993,SA-1993-L-00198,TRUE
SADR020954.jpg,0.944444444,1.58999682,0.998052578,111.76,85.47,0.986183663,1.867465976,0.550060294,4,14.72222222,15.5,3.177226974,7,18,4,9,0.817337461,2.647058824,2.428571429,0.944444444,1.154716981,2.571428571,0.641825897,0.85,0.944444444,101,45,1,no discontinuities,-10,1,145,1164,known,FALSE,17,1,no discontinuities,1,-1,1,0,,1,145,12.40151515,9.075757576,9.075757576,0.684491979,0.727272727,0.082766164,-0.761013388,-0.420259088,11,0.944444444,0.944444444,0.944444444,-1,-1,-1,1.58999682,0.187134858,10,1,180,178,1.333333333,45,63,1B150,1B15,17,C:/Users/u0112360/Documents/____/Sagalassos/__PhD/Drawings/Eliane_Phase1and2/Phase-1_Eliane_29072020,EarlyRoman,L,1993,SA-1993-L-00198,TRUE
SADR020963.jpg,0.9375,1.969596493,0.961523948,107.45,83.03,0.944259418,2.991409269,0.549986911,6,9.5625,9,1.209338662,7,12,19,9,0.815384615,2.733333333,2.142857143,1.25,1.568627451,1.714285714,0.82356701,0.882352941,0.9375,64,52,1,no discontinuities,-6,-4,227,591,known,FALSE,3,1,no discontinuities,1,1,1,2,220;221,1,227,8.704402516,9.050314465,9.050314465,0.52,0.4,0.061714286,0.100187296,-0.437750343,20,0.9375,0.9375,0.9375,1,-1,-1,2.232209359,1.648326767,6,5,180,178,1.333333333,41,50,1B150,1B15,15,C:/Users/u0112360/Documents/____/Sagalassos/__PhD/Drawings/Eliane_Phase1and2/Phase-1_Eliane_29072020,EarlyRoman,L,1993,SA-1993-L-00198,TRUE
SADR020966.jpg,0.947368421,1.488416815,3.321237791,123.26,85.75,0.936226024,2.302100333,0.465450895,4,20.18918919,22,4.293650595,7,24,6,10,0.844444444,2.333333333,5.142857143,1.5,1.78313253,3.428571429,0.836576896,0.857142857,0.972972973,61,21,1,no discontinuities,-20,-4,269,822,known,FALSE,7,1,no discontinuities,1,1,1,0,,4,233;234;247;269,18.43289474,17.70789474,17.70789474,0.77124183,0.882352941,0.064810238,-1.48193117,1.326818815,9.066666667,0.972972973,0.972972973,0.972972973,1,-1,-1,2.604729426,1.192239207,20,7,180,178,1.333333333,84,107,1B150,1B15,36,C:/Users/u0112360/Documents/____/Sagalassos/__PhD/Drawings/Eliane_Phase1and2/Phase-1_Eliane_29072020,EarlyRoman,L,1993,SA-1993-L-00198,TRUE
SADR020971.jpg,0.952380952,2.074232153,1.164171,108.54,85.58,0.972839284,2.054677544,0.590780118,7,22.19047619,24,4.534523653,12,27,13,15,0.819642857,2.85,1.666666667,0.740740741,0.901287554,2.25,0.60540899,0.909090909,0.909090909,124,61,1,no discontinuities,-7,8,149,948,known,FALSE,4,1,no discontinuities,1,-1,-1,0,,1,149,15.18518519,10.43572985,10.43572985,0.663333333,0.733333333,0.09051462,-0.66422893,-0.751378793,17.72727273,0.952380952,0.952380952,0.952380952,-1,-1,-1,1.037116076,1.164171,7,8,180,178,1.333333333,57,84,1B150,1B15,20,C:/Users/u0112360/Documents/____/Sagalassos/__PhD/Drawings/Eliane_Phase1and2/Phase-1_Eliane_29072020,EarlyRoman,L,1993,SA-1993-L-00198,TRUE
SADR020974.jpg,0.947368421,1.903749026,2.576692504,112.12,88.1,1.038026827,1.869017808,0.637446775,6,18.52631579,20,3.485978598,10,22,25,13,0.842995169,2.833333333,1.8,0.818181818,0.971590909,2.2,0.551656297,0.9,0.947368421,110,57,1,no discontinuities,-7,4,119,816,known,FALSE,4,1,no discontinuities,1,-1,1,0,,1,119,13.24068768,9.673352436,9.673352436,0.699074074,0.791666667,0.086714779,-0.991776406,-0.251035064,13.89473684,1,0.947368421,0.947368421,0,-1,-1,1.903749026,2.118613837,7,5,180,178,1.333333333,51,72,1B150,1B15,18,C:/Users/u0112360/Documents/____/Sagalassos/__PhD/Drawings/Eliane_Phase1and2/Phase-1_Eliane_29072020,EarlyRoman,L,1993,SA-1993-L-00198,TRUE
SADR020976.jpg,0.95,3.781176708,0,108.94,83.65,0.989906272,2.505397523,0.459737233,5,23.25,25.5,5.37905294,11,29,5,15,0.798245614,2.894736842,1.727272727,0.655172414,0.817204301,2.636363636,0.762750369,0.95,0.76,138,60,1,no discontinuities,-3,15,183,632,unknown,FALSE,1,1,no discontinuities,1,-1,-1,0,,1,183,15.16923077,9.879120879,9.879120879,0.66374269,0.777777778,0.088296874,-0.81852365,-0.590410367,15.42857143,0.904761905,0.863636364,0.863636364,-1,-1,-1,1.315191898,0.51214752,5,15,180,178,1.333333333,55,84,1B150,1B15,19,C:/Users/u0112360/Documents/____/Sagalassos/__PhD/Drawings/Eliane_Phase1and2/Phase-1_Eliane_29072020,EarlyRoman,L,1993,SA-1993-L-00187,TRUE
SADR020994.jpg,0.961538462,3.663487935,0.702246883,113.65,92,0.982555727,1.644128874,0.616486744,2,19.57692308,21,2.858993906,11,22,2,14,0.892173913,2.64,2.272727273,1.136363636,1.277013752,2,0.582924348,0.961538462,0.925925926,83,44,1,no discontinuities,-1,9,192,575,known,FALSE,3,1,no discontinuities,1,-1,-1,0,,1,192,13.32163743,13.18323587,13.18323587,0.774545455,0.909090909,0.069641873,-1.540393217,1.428999071,13.2,0.961538462,0.961538462,0.961538462,-1,-1,-1,2.331310504,1.872658355,4,9,180,178,1.333333333,66,87,1B150,1B15,25,C:/Users/u0112360/Documents/____/Sagalassos/__PhD/Drawings/Eliane_Phase1and2/Phase-1_Eliane_29072020,EarlyRoman,L,1993,SA-1993-L-00187,TRUE
SADR021073.jpg,0.875,0.294085849,0.569209979,104.49,96.24,0.928515162,2.392876087,0.431199378,7,18.06666667,19,1.830950833,14,20,7,17,0.904761905,3.357142857,1,0.7,0.774907749,1.428571429,0.797765182,0.933333333,0.823529412,136,97,1,no discontinuities,4,9,154,418,known,TRUE,2,1,no discontinuities,-1,-1,-1,2,1;28,3,1;14;154,12.08270677,8.154135338,8.154135338,0.666666667,0.75,0.098290598,-0.77264988,-0.683837429,20,0.875,0.823529412,0.875,-1,-1,-1,1.396907782,1.201665511,4,9,180,178,1.333333333,47,66,1B150,1B15,14,C:/Users/u0112360/Documents/____/Sagalassos/__PhD/Drawings/Eliane_Phase1and2/Phase-2_Eliane_26082020,EarlyRoman,L,1993,SA-1993-L-00447,TRUE
SADR021088.jpg,0.952380952,3.24522832,0,108.24,83.64,1.018823578,1.963552205,0.536069757,3,18.52380952,20,4.007730625,9,23,3,12,0.804166667,2.7,2.222222222,0.869565217,1.079691517,2.555555556,0.646939412,0.952380952,0.833333333,103,47,1,no discontinuities,-2,12,176,377,known,TRUE,1,1,no discontinuities,1,-1,-1,2,1;47,8,1;29;30;52;75;76;169;176,12.67357513,10.41450777,10.41450777,0.664285714,0.785714286,0.080612245,-0.846064023,-0.445322464,12.72727273,0.952380952,0.952380952,0.952380952,-1,-1,-1,1.308559806,0.756490071,4,12,180,178,1.333333333,54,77,1B150,1B15,20,C:/Users/u0112360/Documents/____/Sagalassos/__PhD/Drawings/Eliane_Phase1and2/Phase-2_Eliane_26082020,EarlyRoman,L,1994,SA-1994-L-00110,TRUE
SADR021090.jpg,0.944444444,3.194334608,0.52999894,109.37,77.71,0.997390295,2.12716562,0.507392759,12,14.94444444,16,4.079680239,6,20,12,9,0.74789916,2.647058824,2.833333333,0.85,1.137546468,3.333333333,0.602864559,0.944444444,0.85,109,40,1,no discontinuities,-3,10,165,376,known,TRUE,2,1,no discontinuities,1,-1,-1,2,1;64,7,1;19;28;29;157;158;165,10.23220974,8.808988764,8.808988764,0.621848739,0.714285714,0.084671369,-0.63540352,-0.808235993,9.8,0.944444444,0.894736842,0.894736842,-1,-1,-1,1.167160722,0.52999894,4,10,180,178,1.333333333,45,64,1B150,1B15,17,C:/Users/u0112360/Documents/____/Sagalassos/__PhD/Drawings/Eliane_Phase1and2/Phase-2_Eliane_26082020,EarlyRoman,L,1994,SA-1994-L-00110,TRUE
SADR021098.jpg,0.944444444,2.42535625,0,104.41,83.53,1.03787753,1.53857489,0.706419704,11,12.83333333,14,2.74933147,6,16,14,9,0.852941176,2.647058824,2.833333333,1.0625,1.324675325,2.666666667,0.474674886,0.944444444,0.894736842,83,40,1,no discontinuities,-4,6,177,408,known,TRUE,1,1,no discontinuities,1,-1,-1,1,1,3,1;21;177,9.172413793,9.146551724,9.146551724,0.738562092,0.888888889,0.090958606,-1.042547062,-0.087931755,7.875,0.944444444,0.944444444,0.944444444,-1,-1,-1,0,0,4,6,180,178,1.333333333,45,61,1B150,1B15,17,C:/Users/u0112360/Documents/____/Sagalassos/__PhD/Drawings/Eliane_Phase1and2/Phase-2_Eliane_26082020,EarlyRoman,L,1994,SA-1994-L-00055,TRUE
SADR021137.jpg,0.904761905,0.998460353,0.613940614,108.68,83.77,0.936169851,2.289042088,0.445500335,14,20.1,21.5,4.115439479,11,25,14,14,0.803643725,2.842105263,1.727272727,0.76,0.945273632,2.272727273,0.736854623,0.95,0.791666667,124,60,1,no discontinuities,1,14,206,665,known,TRUE,2,1,no discontinuities,-1,-1,-1,2,1;50,4,1;16;17;206,12.61460957,9.989924433,9.989924433,0.635338346,0.714285714,0.086675021,-0.65951594,-0.831249005,16.8,0.95,0.95,0.95,-1,-1,-1,0.942990334,0.613940614,2,14,180,178,1.333333333,54,78,1B150,1B15,19,C:/Users/u0112360/Documents/____/Sagalassos/__PhD/Drawings/Eliane_Phase1and2/Phase-2_Eliane_26082020,EarlyRoman,L,1994,SA-1994-L-00055,TRUE
SADR021195.jpg,0.958333333,0.789352217,1.96773982,105.69,85.87,0.940303684,1.874534792,0.629449908,4,14.16666667,14.5,2.664854457,7,17,29,10,0.835748792,2.52173913,3.285714286,1.352941176,1.623529412,2.428571429,0.711126445,0.958333333,0.958333333,70,33,1,no discontinuities,-6,4,290,628,known,TRUE,12,1,no discontinuities,1,-1,1,2,1;62,3,1;45;290,11.10404624,11.93641618,11.93641618,0.704347826,0.7,0.070434783,-0.965746132,0.184325145,11.42857143,0.958333333,0.958333333,1,1,-1,0,0.789352217,0.536656315,6,4,180,178,1.333333333,58,75,1B150,1B15,23,C:/Users/u0112360/Documents/____/Sagalassos/__PhD/Drawings/Eliane_Phase1and2/Phase-2_Eliane_26082020,EarlyRoman,L,1994,SA-1994-L-00197,FALSE
SADR021208.jpg,0.892857143,0.203954254,0,99.5,75.81,0.905016065,2.619170075,0.408485263,9,16.30769231,17,4.027597108,8,22,9,11,0.742608696,2.52,3.125,1.136363636,1.533018868,2.75,0.837633931,0.961538462,0.78125,79,32,1,no discontinuities,5,19,153,582,known,FALSE,1,1,no discontinuities,-1,-1,-1,0,,3,4;5;153,12.52693208,12.4028103,12.4028103,0.577142857,0.642857143,0.079047619,-0.435033633,-0.917382792,14,0.925925926,0.833333333,0.862068966,-1,-1,-1,0.571071912,0.457360064,5,19,180,178,1.333333333,63,85,1B150,1B15,25,C:/Users/u0112360/Documents/____/Sagalassos/__PhD/Drawings/Eliane_Phase1and2/Phase-2_Eliane_26082020,EarlyRoman,L,1994,SA-1994-L-00134,TRUE
SADR021282.jpg,0.944444444,1.871348585,0,103.53,86.27,1.010796832,1.849389004,0.564732132,12,15.66666667,16.5,2.869720216,9,19,12,12,0.823529412,2.823529412,1.888888889,0.894736842,1.085106383,2.111111111,0.607822258,0.944444444,0.85,101,56,1,no discontinuities,-1,9,169,402,known,TRUE,1,1,no discontinuities,1,-1,-1,2,1;39,4,1;30;31;169,10.26071429,9.232142857,9.232142857,0.647058824,0.7,0.080147059,-0.779850786,-0.550367651,14.28571429,0.944444444,0.944444444,0.944444444,-1,-1,-1,1.185187437,0.599208182,2,9,180,178,1.333333333,48,67,1B150,1B15,17,C:/Users/u0112360/Documents/____/Sagalassos/__PhD/Drawings/Eliane_Phase1and2/Phase-2_Eliane_26082020,EarlyRoman,L,1994,SA-1994-L-00055,TRUE
SADR021398.jpg,0.928571429,2.213594362,2.574409875,111.97,95.97,0.971086956,2.192085731,0.589445336,8,19.71428571,20,1.938618518,15,22,18,17,0.899665552,3.461538462,0.866666667,0.590909091,0.65942029,1.466666667,0.803725383,0.928571429,0.928571429,147,116,1,no discontinuities,-4,1,176,704,known,TRUE,2,1,no discontinuities,1,-1,1,4,1;8;8;166,5,1;10;16;17;176,12.82156134,7.750929368,7.750929368,0.67032967,0.714285714,0.082940869,-0.906990516,-0.153114171,22.4,0.928571429,0.928571429,0.928571429,-1,-1,-1,2.213594362,2.574409875,4,3,180,178,1.333333333,45,65,1B150,1B15,13,C:/Users/u0112360/Documents/____/Sagalassos/__PhD/Drawings/NovDec_SADR021285-SADR021999,NovDec2020,TSW2,2000,SA-2000-TSW2-00008,TRUE
SADR021423.jpg,0.956521739,2.5478258,0.274721128,108.75,86.36,0.979779397,1.674091326,0.680314204,12,15.04347826,17,2.930688111,7,18,21,10,0.837320574,2.545454545,3.142857143,1.222222222,1.462427746,2.571428571,0.610596572,0.956521739,0.956521739,76,34,1,no discontinuities,-5,6,228,472,known,TRUE,2,1,no discontinuities,1,-1,-1,1,1,4,1;14;29;228,10.58857143,11.49428571,11.49428571,0.719008264,0.818181818,0.070766699,-1.220769271,0.554961032,9.777777778,0.956521739,0.956521739,0.956521739,-1,-1,-1,0.231620527,0.274721128,5,6,180,178,1.333333333,56,74,1B150,1B15,22,C:/Users/u0112360/Documents/____/Sagalassos/__PhD/Drawings/NovDec_SADR021285-SADR021999,NovDec2020,TSW2,2000,SA-2000-TSW2-00013,TRUE
SADR021441.jpg,0.965517241,2.002981862,2.784424561,108.62,92.65,0.919350388,1.901397641,0.617683351,12,16.20689655,17,2.440423124,9,18,13,12,0.902255639,2.5,3.111111111,1.555555556,1.727659574,2,0.758622105,0.965517241,0.965517241,60,33,1,no discontinuities,-5,4,172,718,known,FALSE,20,1,no discontinuities,1,-1,1,1,145,1,172,11.29583333,14.52083333,14.52083333,0.793650794,0.888888889,0.074727285,-1.352910355,0.835169591,11.25,0.965517241,0.965517241,0.965517241,-1,-1,-1,2.002981862,1.612035272,5,4,180,178,1.333333333,70,88,1B150,1B15,28,C:/Users/u0112360/Documents/____/Sagalassos/__PhD/Drawings/NovDec_SADR021285-SADR021999,NovDec2020,TSW2,2000,SA-2000-TSW2-00001,TRUE
SADR021525.jpg,0.967741935,3.3815414,2.860368895,112.87,86.67,0.974435432,1.762777736,0.552666255,8,24.48387097,26,4.870803957,12,29,16,15,0.844444444,2.566666667,2.5,1.034482759,1.225296443,2.416666667,0.68233758,0.882352941,0.967741935,89,39,1,no discontinuities,-16,1,86,692,known,FALSE,5,1,no discontinuities,1,-1,1,0,,1,86,18.97368421,14.97368421,14.97368421,0.725490196,0.823529412,0.082408623,-0.97504246,-0.152227935,15.78571429,0.967741935,0.967741935,0.967741935,-1,-1,-1,3.3815414,0.241235931,16,3,180,178,1.333333333,77,106,1B150,1B15,30,C:/Users/u0112360/Documents/____/Sagalassos/__PhD/Drawings/NovDec_SADR021285-SADR021999,NovDec2020,N,1992,SA-1992-N-00537,TRUE
SADR021628.jpg,0.965517241,1.041943067,4.442977948,114.29,86.96,0.984523421,1.715998577,0.618128191,4,20.31034483,22,4.343331903,9,24,39,12,0.847142857,2.5,3.111111111,1.166666667,1.37860781,2.666666667,0.591265892,0.933333333,0.965517241,81,33,1,no discontinuities,-10,5,139,838,known,FALSE,15,1,no discontinuities,1,-1,1,0,,1,139,15.73187184,14.02529511,14.02529511,0.745238095,0.866666667,0.08462669,-1.116971889,0.067939844,11.53846154,0.965517241,0.965517241,0.965517241,1,1,1,1.840766086,2.439996086,10,6,180,178,1.333333333,70,94,1B150,1B15,28,C:/Users/u0112360/Documents/____/Sagalassos/__PhD/Drawings/NovDec_SADR021285-SADR021999,NovDec2020,SS1,2005,SA-2005-SS1-00068,TRUE
SADR021655.jpg,0.942857143,0,7.163087245,119.88,91.02,1.029079947,2.036335695,0.510963419,1,24.85294118,26,3.774976243,13,28,27,16,0.890282132,2.545454545,2.538461538,1.178571429,1.327810651,2.153846154,0.773406946,0.868421053,0.970588235,71,39,1,no discontinuities,-18,-5,111,780,known,FALSE,3,1,no discontinuities,1,1,1,0,,1,111,21.05164319,17.092723,17.092723,0.787878788,0.866666667,0.065126263,-1.693096148,1.910309104,16.15384615,0.970588235,0.916666667,0.942857143,1,1,1,2.342359256,6.946959612,18,11,180,178,1.333333333,84,110,1B150,1B15,33,C:/Users/u0112360/Documents/____/Sagalassos/__PhD/Drawings/NovDec_SADR021285-SADR021999,NovDec2020,N,1992,SA-1992-N-00562,TRUE
SADR021656.jpg,0.972222222,3.096293061,4.170848014,114.11,91.29,0.902831708,2.072195522,0.574913143,11,18.75,20,2.453859933,10,21,11,13,0.896103896,2.428571429,3.5,1.666666667,1.866666667,2.1,0.800641618,0.972222222,0.972222222,54,29,1,no discontinuities,-4,6,147,656,known,FALSE,13,2,discontinuities,1,-1,-1,0,,1,147,12.54057971,18.13333333,18.13333333,0.792207792,0.909090909,0.050836864,-2.041172683,3.517791739,12.1,0.945945946,0.945945946,0.945945946,-1,-1,-1,3.096293061,3.12813601,5,6,180,178,1.333333333,85,105,1B150,1B15,35,C:/Users/u0112360/Documents/____/Sagalassos/__PhD/Drawings/NovDec_SADR021285-SADR021999,NovDec2020,N,1992,SA-1992-N-00562,TRUE
SADR021658.jpg,0.975609756,5.245972857,0.496750701,115.75,89.04,0.899630594,1.911828405,0.598628063,23,23.58536585,25,3.80772642,11,27,23,14,0.875,2.4,3.636363636,1.481481481,1.695966908,2.454545455,0.755866139,0.975609756,0.952380952,62,27,1,no discontinuities,-6,10,195,893,known,FALSE,3,1,no discontinuities,1,-1,-1,0,,1,195,14.81020408,19.9622449,19.9622449,0.78125,0.875,0.056891026,-1.501864786,1.701914109,13.71428571,0.952380952,0.952380952,0.952380952,-1,-1,-1,2.356886356,1.266714286,7,10,180,178,1.333333333,96,123,1B150,1B15,40,C:/Users/u0112360/Documents/____/Sagalassos/__PhD/Drawings/NovDec_SADR021285-SADR021999,NovDec2020,N,1992,SA-1992-N-00562,TRUE
SADR021663.jpg,0.976190476,4.387676964,0.496138938,109.89,94.19,0.844139854,2.339274111,0.554480223,13,20.30952381,21,1.689105626,13,22,13,16,0.925768823,2.43902439,3.153846154,1.863636364,2.018757327,1.692307692,0.845107251,0.976190476,0.976190476,48,31,1,no discontinuities,-3,5,226,834,known,FALSE,5,1,no discontinuities,1,-1,-1,0,,1,226,13.16609393,21.43757159,21.43757159,0.810298103,0.888888889,0.035953026,-2.803865741,7.861382144,15.75,0.953488372,0.953488372,0.953488372,-1,-1,-1,1.296359103,0.496138938,5,5,180,178,1.333333333,100,121,1B150,1B15,41,C:/Users/u0112360/Documents/____/Sagalassos/__PhD/Drawings/NovDec_SADR021285-SADR021999,NovDec2020,N,1992,SA-1992-N-00562,TRUE
SADR021664.jpg,0.974358974,3.841707805,2.020396719,111.92,95.13,0.855026876,2.101079533,0.547265772,25,19.53846154,21,2.393479672,12,21,30,14,0.931818182,2.421052632,3.166666667,1.80952381,1.94488189,1.75,0.823117983,0.974358974,0.974358974,50,31,1,no discontinuities,-6,3,149,1010,known,FALSE,26,1,no discontinuities,1,-1,1,0,,1,149,12.74454429,19.46854942,19.46854942,0.833333333,1,0.071905239,-1.499617825,1.27393228,13,0.974358974,0.95,0.974358974,-1,-1,-1,3.841707805,1.93958085,6,3,180,178,1.333333333,92,113,1B150,1B15,38,C:/Users/u0112360/Documents/____/Sagalassos/__PhD/Drawings/NovDec_SADR021285-SADR021999,NovDec2020,N,1992,SA-1992-N-00562,TRUE
SADR021666.jpg,0.975609756,2.729272152,0.496750701,109.58,85.76,0.847508732,2.206586587,0.512907944,15,20.24390244,21,3.652262914,10,24,15,13,0.846,2.375,4,1.666666667,1.975903614,2.4,0.82168722,0.975609756,0.952380952,55,25,1,no discontinuities,-4,10,173,954,known,FALSE,3,1,no discontinuities,1,-1,-1,0,,2,172;173,13.47044917,19.67021277,19.67021277,0.725,0.785714286,0.067909471,-1.059372671,0.463554684,14,0.975609756,0.909090909,0.952380952,-1,-1,-1,1.708983497,0.769963586,5,10,180,178,1.333333333,95,119,1B150,1B15,40,C:/Users/u0112360/Documents/____/Sagalassos/__PhD/Drawings/NovDec_SADR021285-SADR021999,NovDec2020,N,1992,SA-1992-N-00562,TRUE
SADR021670.jpg,0.96875,1.032763947,6.08276253,121.51,87.48,1.018279919,1.768422251,0.624114741,4,22.1875,24.5,4.828928286,9,26,21,12,0.855436081,2.451612903,3.444444444,1.192307692,1.397183099,2.888888889,0.586510058,0.939393939,0.96875,77,30,1,no discontinuities,-11,5,134,605,unknown,FALSE,11,1,no discontinuities,1,-1,1,0,,1,134,17.04469274,15.37150838,15.37150838,0.770398482,0.882352941,0.082434796,-1.211882364,0.334545737,11.33333333,0.96875,0.96875,0.96875,1,1,1,2.253303158,4.931969619,11,8,180,178,1.333333333,76,101,1B150,1B15,31,C:/Users/u0112360/Documents/____/Sagalassos/__PhD/Drawings/NovDec_SADR021285-SADR021999,NovDec2020,N,1992,SA-1992-N-00562,TRUE
SADR021680.jpg,0.972972973,2.353393622,4.27873429,124.14,90,0.922458484,2.1580852,0.556199887,5,18.51351351,19,2.218878866,11,21,5,14,0.890151515,2.444444444,3.272727273,1.714285714,1.944525547,1.909090909,0.828520124,0.972972973,0.972972973,46,30,1,no discontinuities,-7,-2,155,550,unknown,FALSE,9,1,no discontinuities,1,1,1,0,,1,155,13.43971631,19.25248227,19.25248227,0.758333333,0.8,0.048785714,-1.492470675,2.538081517,15,0.972972973,0.947368421,0.972972973,-1,-1,-1,3.726206568,4.621033034,8,6,180,178,1.333333333,88,104,1B150,1B15,36,C:/Users/u0112360/Documents/____/Sagalassos/__PhD/Drawings/NovDec_SADR021285-SADR021999,NovDec2020,N,1992,SA-1992-N-00562,TRUE
SADR021802.jpg,0.975,2,0.647375358,106.11,76.64,0.736662055,3.25454456,0.381125966,21,14.45,15,3.403994637,6,19,21,8,0.766666667,2.256410256,6.5,2.052631579,2.698961938,3.166666667,0.907848155,1,0.928571429,45,16,1,no discontinuities,0,13,101,714,known,FALSE,3,1,no discontinuities,0,-1,-1,0,,1,101,10.17391304,18.63043478,18.63043478,0.641025641,0.692307692,0.067061144,-0.55988886,-0.590453376,10.11111111,0.951219512,0.928571429,0.928571429,-1,-1,-1,1,0.67227441,2,13,180,178,1.333333333,88,107,1B150,1B15,39,C:/Users/u0112360/Documents/____/Sagalassos/__PhD/Drawings/NovDec_SADR021285-SADR021999,NovDec2020,DA1,2010,SA-2010-DA1-00063,TRUE
SADR021834.jpg,0.975609756,1.734490713,2.530984463,108.13,92.68,0.720647663,3.097516531,0.41205158,18,13.65853659,14,1.783392218,8,15,31,10,0.9140625,2.3,5,2.666666667,2.928571429,1.875,0.923458122,0.975609756,0.975609756,34,20,1,no discontinuities,-4,3,116,654,known,FALSE,34,1,no discontinuities,1,-1,1,0,,1,116,9.878632479,20.3008547,20.3008547,0.803571429,0.857142857,0.065607012,-1.47400782,1.457507839,10.5,0.975609756,0.975609756,0.975609756,-1,-1,-1,1.734490713,1.303840481,4,3,180,178,1.333333333,92,107,1B150,1B15,40,C:/Users/u0112360/Documents/____/Sagalassos/__PhD/Drawings/NovDec_SADR021285-SADR021999,NovDec2020,RB1,2010,SA-2010-RB1-00256,TRUE
SADR021843.jpg,0.958333333,3.324316554,0,106.32,89.97,0.926524396,2.162188799,0.565253843,16,12.20833333,13,1.587427963,7,14,20,9,0.937888199,2.47826087,3.285714286,1.642857143,1.883959044,2,0.800431719,0.958333333,0.958333333,53,33,1,no discontinuities,-5,2,160,889,known,FALSE,1,1,no discontinuities,1,-1,1,0,,1,160,8.817880795,12.41059603,12.41059603,0.855072464,1,0.068950373,-1.87243291,2.79549424,8,0.958333333,0.92,0.92,-1,-1,-1,0,0,5,2,180,178,1.333333333,57,71,1B150,1B15,23,C:/Users/u0112360/Documents/____/Sagalassos/__PhD/Drawings/NovDec_SADR021285-SADR021999,NovDec2020,RB1,2010,SA-2010-RB1-00213,TRUE
SADR021848.jpg,0.975609756,2.202234335,0.358979079,101.74,73.12,0.682104802,3.892062643,0.320440943,8,12.41463415,13,3.209171309,4,17,8,7,0.738888889,2.225,10,2.352941176,3.222003929,4.25,0.935177185,0.975609756,0.930232558,40,12,1,no discontinuities,2,15,144,710,known,FALSE,2,1,no discontinuities,-1,-1,-1,0,,1,144,10.40037594,18.90225564,18.90225564,0.638461538,0.692307692,0.059232286,-0.699715591,-0.302888374,7.222222222,0.930232558,0.952380952,0.930232558,-1,-1,-1,0.051214752,0.358979079,4,15,180,178,1.333333333,89,106,1B150,1B15,40,C:/Users/u0112360/Documents/____/Sagalassos/__PhD/Drawings/NovDec_SADR021285-SADR021999,NovDec2020,RB1,2010,SA-2010-RB1-00254,TRUE
